<?xml version="1.0"?>
<!--
/**
 * Webkul Software.
 *
 * @category  Webkul
 * @package   Webkul_PriceList
 * @author    Webkul
 * @copyright Copyright (c)   Webkul Software Private Limited (https://webkul.com)
 * @license   https://store.webkul.com/license.html
 */
 -->
<config xmlns:xsi="http://www.w3.org/2001/XMLSchema-instance" xsi:noNamespaceSchemaLocation="urn:magento:framework:Acl/etc/acl.xsd">
    <acl>
        <resources>
            <resource id="Magento_Backend::admin">
                <resource id="Webkul_PriceList::pricelist" title="Price List" sortOrder="10">
                    <resource id="Webkul_PriceList::menu" title="Menu" sortOrder="10">
                        <resource id="Webkul_PriceList::list" title="View Price List" sortOrder="1" />
                        <resource id="Webkul_PriceList::rule" title="View Price List Rules" sortOrder="5" />
                    </resource>
                </resource>
            </resource>
        </resources>
    </acl>
</config>
