{
    "wk_pricelist_list": {
        "column": {
            "id": true,
            "priority": true,
            "status": true,
            "title": true,
            "start_date": true,
            "end_date": true,
            "date": true
        },
        "constraint": {
            "PRIMARY": true
        }
    },
    "wk_pricelist_rule": {
        "column": {
            "id": true,
            "title": true,
            "priority": true,
            "status": true,
            "calculation_type": true,
            "price_type": true,
            "apply_on": true,
            "rule_type": true,
            "is_combination": true,
            "amount": true,
            "total": true,
            "qty": true,
            "date": true
        },
        "constraint": {
            "PRIMARY": true
        }
    },
    "wk_pricelist_assigned_rule": {
        "column": {
            "id": true,
            "pricelist_id": true,
            "rule_id": true,
            "date": true
        },
        "constraint": {
            "PRIMARY": true
        }
    },
    "wk_pricelist_rule_items": {
        "column": {
            "id": true,
            "entity_type": true,
            "parent_id": true,
            "entity_value": true
        },
        "constraint": {
            "PRIMARY": true
        }
    },
    "wk_pricelist_user_details": {
        "column": {
            "id": true,
            "pricelist_id": true,
            "type": true,
            "user_id": true,
            "date": true
        },
        "constraint": {
            "PRIMARY": true
        }
    }
}