<?xml version="1.0"?>
<!--
/**
 * Webkul Software.
 *
 * @category  Webkul
 * @package   Webkul_PriceList
 * @author    Webkul
 * @copyright Copyright (c)   Webkul Software Private Limited (https://webkul.com)
 * @license   https://store.webkul.com/license.html
 */
 -->
<config xmlns:xsi="http://www.w3.org/2001/XMLSchema-instance" xsi:noNamespaceSchemaLocation="urn:magento:framework:ObjectManager/etc/config.xsd">
    <type name="Magento\Catalog\Model\Product">
        <plugin name="Webkul_PriceList::Product" type="Webkul\PriceList\Plugin\Catalog\Model\Product" sortOrder="1" />
    </type>  
    <type name="Magento\Framework\View\Element\UiComponent\DataProvider\CollectionFactory">
        <arguments>
            <argument name="collections" xsi:type="array">
                <item name="pricelist_list_list_data_source" xsi:type="string">Webkul\PriceList\Model\ResourceModel\PriceList\Grid\Collection</item>
                <item name="pricelist_rule_list_data_source" xsi:type="string">Webkul\PriceList\Model\ResourceModel\Rule\Grid\Collection</item>
            </argument>
        </arguments>
    </type>
    <type name="Webkul\PriceList\Model\ResourceModel\PriceList\Grid\Collection">
        <arguments>
            <argument name="mainTable" xsi:type="string">wk_pricelist_list</argument>
            <argument name="eventPrefix" xsi:type="string">pricelist_list_grid_collection</argument>
            <argument name="eventObject" xsi:type="string">pricelist_grid_collection</argument>
            <argument name="resourceModel" xsi:type="string">Webkul\PriceList\Model\ResourceModel\PriceList</argument>
        </arguments>
    </type>
    <type name="Webkul\PriceList\Model\ResourceModel\Rule\Grid\Collection">
        <arguments>
            <argument name="mainTable" xsi:type="string">wk_pricelist_rule</argument>
            <argument name="eventPrefix" xsi:type="string">pricelist_rule_grid_collection</argument>
            <argument name="eventObject" xsi:type="string">pricelist_rule_grid_collection</argument>
            <argument name="resourceModel" xsi:type="string">Webkul\PriceList\Model\ResourceModel\Rule</argument>
        </arguments>
    </type>
    <virtualType name="PriceListGirdFilterPool" type="Magento\Framework\View\Element\UiComponent\DataProvider\FilterPool">
        <arguments>
            <argument name="appliers" xsi:type="array">
                <item name="regular" xsi:type="object">Magento\Framework\View\Element\UiComponent\DataProvider\RegularFilter</item>
                <item name="fulltext" xsi:type="object">Magento\Framework\View\Element\UiComponent\DataProvider\FulltextFilter</item>
            </argument>
        </arguments>
    </virtualType>
    <virtualType name="PriceListGirdFilterPool" type="Magento\Framework\View\Element\UiComponent\DataProvider\DataProvider">
        <arguments>
            <argument name="collection" xsi:type="object" shared="false">Webkul\PriceList\Model\ResourceModel\PriceList\Collection</argument>
            <argument name="filterPool" xsi:type="object" shared="false">PriceListGirdFilterPool</argument>
        </arguments>
    </virtualType>
    <virtualType name="RuleGirdFilterPool" type="Magento\Framework\View\Element\UiComponent\DataProvider\DataProvider">
        <arguments>
            <argument name="collection" xsi:type="object" shared="false">Webkul\PriceList\Model\ResourceModel\Rule\Collection</argument>
            <argument name="filterPool" xsi:type="object" shared="false">RuleGirdFilterPool</argument>
        </arguments>
    </virtualType>

    <type name="Magento\ConfigurableProduct\Ui\DataProvider\Product\Form\Modifier\ConfigurablePanel">
        <arguments>
            <argument name="formName" xsi:type="string">rule_form</argument>
            <argument name="dataScopeName" xsi:type="string">rule_form.rule_form</argument>
            <argument name="dataSourceName" xsi:type="string">rule_form.rule_form_data_source</argument>
        </arguments>
    </type>

    <type name="Webkul\PriceList\Logger\Handler">
      <arguments>
        <argument name="filesystem" xsi:type="object">Magento\Framework\Filesystem\Driver\File</argument>
      </arguments>
    </type>
    <type name="Webkul\PriceList\Logger\Logger">
      <arguments>
        <argument name="name" xsi:type="string">webkulPriceListLogHandler</argument>
        <argument name="handlers" xsi:type="array">
          <item name="system" xsi:type="object">Webkul\PriceList\Logger\Handler</item>
        </argument>
      </arguments>
    </type>
</config>
